{"train/grad_norm":2.8391976356506348,"train_steps_per_second":16.212,"train/learning_rate":7.782839787395596e-07,"train_runtime":162.4753,"train_loss":0.9629401212039099,"_runtime":158,"train/epoch":3,"train/loss":0.7252,"total_flos":3.44127820529664e+14,"train_samples_per_second":64.847,"_step":26,"_wandb":{"runtime":158},"train/global_step":2634,"_timestamp":1.7593331045775955e+09}