{"train_samples_per_second":62.834,"train/loss":0.7252,"_wandb":{"runtime":163},"train/grad_norm":2.8391976356506348,"train/global_step":2634,"_step":26,"total_flos":3.44127820529664e+14,"train_loss":0.9629401212039099,"train_steps_per_second":15.709,"train/learning_rate":7.782839787395596e-07,"_runtime":163,"train/epoch":3,"_timestamp":1.759331761111084e+09,"train_runtime":167.6799}