{"train_loss":0.9629401212039099,"total_flos":3.44127820529664e+14,"train/learning_rate":7.782839787395596e-07,"train/epoch":3,"_runtime":151,"train/loss":0.7252,"train/grad_norm":2.8391976356506348,"train/global_step":2634,"train_runtime":155.0822,"_wandb":{"runtime":151},"train_samples_per_second":67.938,"_timestamp":1.7593321444178092e+09,"_step":26,"train_steps_per_second":16.985}