{"train/grad_norm":2.8391976356506348,"train_loss":0.9629401212039099,"train/loss":0.7252,"train_runtime":161.6998,"_runtime":157,"train/global_step":2634,"train_samples_per_second":65.158,"train/learning_rate":7.782839787395596e-07,"train_steps_per_second":16.289,"_timestamp":1.7593325974104347e+09,"_step":26,"total_flos":3.44127820529664e+14,"_wandb":{"runtime":157},"train/epoch":3}